{
  "bounding_box": {
    "min": [
      -25.0,
      -35.35533905932738,
      -35.35533905932738
    ],
    "max": [
      25.0,
      35.35533905932738,
      35.35533905932738
    ]
  },
  "dimensions": {
    "width_x": 50.0,
    "depth_y": 70.71067811865476,
    "height_z": 70.71067811865476
  },
  "center_of_mass": [
    0.0,
    0.0,
    0.0
  ],
  "volume": 125000.0,
  "surface_area": 15000.0,
  "bed_contact_area": 0.0
}